# system info unsaved on 2022.10.29.23:45:39
system_info:
name,value
DEVICE,10CL025YU256I7G
DEVICE_FAMILY,Cyclone 10 LP
GENERATION_ID,1667097928
#
#
# Files generated for unsaved on 2022.10.29.23:45:39
files:
filepath,kind,attributes,module,is_top
simulation/unsaved.vhd,VHDL,,unsaved,true
simulation/unsaved_rst_controller.vhd,VHDL,,unsaved,false
simulation/unsaved_rst_controller_001.vhd,VHDL,,unsaved,false
simulation/submodules/unsaved_RAM.hex,HEX,,unsaved_RAM,false
simulation/submodules/unsaved_RAM.vhd,VHDL,,unsaved_RAM,false
simulation/submodules/unsaved_ROM.hex,HEX,,unsaved_ROM,false
simulation/submodules/unsaved_ROM.vhd,VHDL,,unsaved_ROM,false
simulation/submodules/USERHW_NIOS.vhd,VHDL,,USERHW_NIOS,false
simulation/submodules/RAM.vhd,VHDL,,USERHW_NIOS,false
simulation/submodules/reg_32bit.vhd,VHDL,,USERHW_NIOS,false
simulation/submodules/unsaved_nios2_gen2_0.v,VERILOG,,unsaved_nios2_gen2_0,false
simulation/submodules/unsaved_mm_interconnect_0.v,VERILOG,,unsaved_mm_interconnect_0,false
simulation/submodules/unsaved_irq_mapper.sv,SYSTEM_VERILOG,,unsaved_irq_mapper,false
simulation/submodules/altera_reset_controller.v,VERILOG,,altera_reset_controller,false
simulation/submodules/altera_reset_synchronizer.v,VERILOG,,altera_reset_controller,false
simulation/submodules/altera_reset_controller.sdc,SDC,,altera_reset_controller,false
simulation/submodules/unsaved_nios2_gen2_0_cpu.sdc,SDC,,unsaved_nios2_gen2_0_cpu,false
simulation/submodules/unsaved_nios2_gen2_0_cpu.v,VERILOG,,unsaved_nios2_gen2_0_cpu,false
simulation/submodules/unsaved_nios2_gen2_0_cpu_bht_ram.dat,DAT,,unsaved_nios2_gen2_0_cpu,false
simulation/submodules/unsaved_nios2_gen2_0_cpu_bht_ram.hex,HEX,,unsaved_nios2_gen2_0_cpu,false
simulation/submodules/unsaved_nios2_gen2_0_cpu_bht_ram.mif,MIF,,unsaved_nios2_gen2_0_cpu,false
simulation/submodules/unsaved_nios2_gen2_0_cpu_dc_tag_ram.dat,DAT,,unsaved_nios2_gen2_0_cpu,false
simulation/submodules/unsaved_nios2_gen2_0_cpu_dc_tag_ram.hex,HEX,,unsaved_nios2_gen2_0_cpu,false
simulation/submodules/unsaved_nios2_gen2_0_cpu_dc_tag_ram.mif,MIF,,unsaved_nios2_gen2_0_cpu,false
simulation/submodules/unsaved_nios2_gen2_0_cpu_debug_slave_sysclk.v,VERILOG,,unsaved_nios2_gen2_0_cpu,false
simulation/submodules/unsaved_nios2_gen2_0_cpu_debug_slave_tck.v,VERILOG,,unsaved_nios2_gen2_0_cpu,false
simulation/submodules/unsaved_nios2_gen2_0_cpu_debug_slave_wrapper.v,VERILOG,,unsaved_nios2_gen2_0_cpu,false
simulation/submodules/unsaved_nios2_gen2_0_cpu_ic_tag_ram.dat,DAT,,unsaved_nios2_gen2_0_cpu,false
simulation/submodules/unsaved_nios2_gen2_0_cpu_ic_tag_ram.hex,HEX,,unsaved_nios2_gen2_0_cpu,false
simulation/submodules/unsaved_nios2_gen2_0_cpu_ic_tag_ram.mif,MIF,,unsaved_nios2_gen2_0_cpu,false
simulation/submodules/unsaved_nios2_gen2_0_cpu_mult_cell.v,VERILOG,,unsaved_nios2_gen2_0_cpu,false
simulation/submodules/unsaved_nios2_gen2_0_cpu_nios2_waves.do,OTHER,,unsaved_nios2_gen2_0_cpu,false
simulation/submodules/unsaved_nios2_gen2_0_cpu_ociram_default_contents.dat,DAT,,unsaved_nios2_gen2_0_cpu,false
simulation/submodules/unsaved_nios2_gen2_0_cpu_ociram_default_contents.hex,HEX,,unsaved_nios2_gen2_0_cpu,false
simulation/submodules/unsaved_nios2_gen2_0_cpu_ociram_default_contents.mif,MIF,,unsaved_nios2_gen2_0_cpu,false
simulation/submodules/unsaved_nios2_gen2_0_cpu_rf_ram_a.dat,DAT,,unsaved_nios2_gen2_0_cpu,false
simulation/submodules/unsaved_nios2_gen2_0_cpu_rf_ram_a.hex,HEX,,unsaved_nios2_gen2_0_cpu,false
simulation/submodules/unsaved_nios2_gen2_0_cpu_rf_ram_a.mif,MIF,,unsaved_nios2_gen2_0_cpu,false
simulation/submodules/unsaved_nios2_gen2_0_cpu_rf_ram_b.dat,DAT,,unsaved_nios2_gen2_0_cpu,false
simulation/submodules/unsaved_nios2_gen2_0_cpu_rf_ram_b.hex,HEX,,unsaved_nios2_gen2_0_cpu,false
simulation/submodules/unsaved_nios2_gen2_0_cpu_rf_ram_b.mif,MIF,,unsaved_nios2_gen2_0_cpu,false
simulation/submodules/unsaved_nios2_gen2_0_cpu_test_bench.v,VERILOG,,unsaved_nios2_gen2_0_cpu,false
simulation/submodules/mentor/altera_nios2_gen2_rtl_module.sv,SYSTEM_VERILOG,MENTOR_SPECIFIC,unsaved_nios2_gen2_0_cpu,false
simulation/submodules/aldec/altera_nios2_gen2_rtl_module.sv,SYSTEM_VERILOG,ALDEC_SPECIFIC,unsaved_nios2_gen2_0_cpu,false
simulation/submodules/altera_merlin_master_translator.sv,SYSTEM_VERILOG,,altera_merlin_master_translator,false
simulation/submodules/altera_merlin_slave_translator.sv,SYSTEM_VERILOG,,altera_merlin_slave_translator,false
simulation/submodules/altera_merlin_master_agent.sv,SYSTEM_VERILOG,,altera_merlin_master_agent,false
simulation/submodules/altera_merlin_slave_agent.sv,SYSTEM_VERILOG,,altera_merlin_slave_agent,false
simulation/submodules/altera_merlin_burst_uncompressor.sv,SYSTEM_VERILOG,,altera_merlin_slave_agent,false
simulation/submodules/altera_avalon_sc_fifo.v,VERILOG,,altera_avalon_sc_fifo,false
simulation/submodules/unsaved_mm_interconnect_0_router.sv,SYSTEM_VERILOG,,unsaved_mm_interconnect_0_router,false
simulation/submodules/unsaved_mm_interconnect_0_router_001.sv,SYSTEM_VERILOG,,unsaved_mm_interconnect_0_router_001,false
simulation/submodules/unsaved_mm_interconnect_0_router_002.sv,SYSTEM_VERILOG,,unsaved_mm_interconnect_0_router_002,false
simulation/submodules/unsaved_mm_interconnect_0_router_003.sv,SYSTEM_VERILOG,,unsaved_mm_interconnect_0_router_003,false
simulation/submodules/unsaved_mm_interconnect_0_router_005.sv,SYSTEM_VERILOG,,unsaved_mm_interconnect_0_router_005,false
simulation/submodules/altera_merlin_traffic_limiter.sv,SYSTEM_VERILOG,,altera_merlin_traffic_limiter,false
simulation/submodules/altera_merlin_reorder_memory.sv,SYSTEM_VERILOG,,altera_merlin_traffic_limiter,false
simulation/submodules/altera_avalon_sc_fifo.v,SYSTEM_VERILOG,,altera_merlin_traffic_limiter,false
simulation/submodules/altera_avalon_st_pipeline_base.v,SYSTEM_VERILOG,,altera_merlin_traffic_limiter,false
simulation/submodules/unsaved_mm_interconnect_0_cmd_demux.sv,SYSTEM_VERILOG,,unsaved_mm_interconnect_0_cmd_demux,false
simulation/submodules/unsaved_mm_interconnect_0_cmd_demux_001.sv,SYSTEM_VERILOG,,unsaved_mm_interconnect_0_cmd_demux_001,false
simulation/submodules/unsaved_mm_interconnect_0_cmd_mux.sv,SYSTEM_VERILOG,,unsaved_mm_interconnect_0_cmd_mux,false
simulation/submodules/altera_merlin_arbitrator.sv,SYSTEM_VERILOG,,unsaved_mm_interconnect_0_cmd_mux,false
simulation/submodules/unsaved_mm_interconnect_0_cmd_mux_001.sv,SYSTEM_VERILOG,,unsaved_mm_interconnect_0_cmd_mux_001,false
simulation/submodules/altera_merlin_arbitrator.sv,SYSTEM_VERILOG,,unsaved_mm_interconnect_0_cmd_mux_001,false
simulation/submodules/unsaved_mm_interconnect_0_rsp_demux.sv,SYSTEM_VERILOG,,unsaved_mm_interconnect_0_rsp_demux,false
simulation/submodules/unsaved_mm_interconnect_0_rsp_demux_001.sv,SYSTEM_VERILOG,,unsaved_mm_interconnect_0_rsp_demux_001,false
simulation/submodules/unsaved_mm_interconnect_0_rsp_mux.sv,SYSTEM_VERILOG,,unsaved_mm_interconnect_0_rsp_mux,false
simulation/submodules/altera_merlin_arbitrator.sv,SYSTEM_VERILOG,,unsaved_mm_interconnect_0_rsp_mux,false
simulation/submodules/unsaved_mm_interconnect_0_rsp_mux_001.sv,SYSTEM_VERILOG,,unsaved_mm_interconnect_0_rsp_mux_001,false
simulation/submodules/altera_merlin_arbitrator.sv,SYSTEM_VERILOG,,unsaved_mm_interconnect_0_rsp_mux_001,false
simulation/submodules/unsaved_mm_interconnect_0_avalon_st_adapter.vhd,VHDL,,unsaved_mm_interconnect_0_avalon_st_adapter,false
simulation/submodules/unsaved_mm_interconnect_0_avalon_st_adapter_error_adapter_0.sv,SYSTEM_VERILOG,,unsaved_mm_interconnect_0_avalon_st_adapter_error_adapter_0,false
#
# Map from instance-path to kind of module
instances:
instancePath,module
unsaved.RAM,unsaved_RAM
unsaved.ROM,unsaved_ROM
unsaved.USERHW_NIOS_0,USERHW_NIOS
unsaved.nios2_gen2_0,unsaved_nios2_gen2_0
unsaved.nios2_gen2_0.cpu,unsaved_nios2_gen2_0_cpu
unsaved.mm_interconnect_0,unsaved_mm_interconnect_0
unsaved.mm_interconnect_0.nios2_gen2_0_data_master_translator,altera_merlin_master_translator
unsaved.mm_interconnect_0.nios2_gen2_0_instruction_master_translator,altera_merlin_master_translator
unsaved.mm_interconnect_0.USERHW_NIOS_0_avalon_slave_0_translator,altera_merlin_slave_translator
unsaved.mm_interconnect_0.RAM_s1_translator,altera_merlin_slave_translator
unsaved.mm_interconnect_0.ROM_s1_translator,altera_merlin_slave_translator
unsaved.mm_interconnect_0.nios2_gen2_0_debug_mem_slave_translator,altera_merlin_slave_translator
unsaved.mm_interconnect_0.nios2_gen2_0_data_master_agent,altera_merlin_master_agent
unsaved.mm_interconnect_0.nios2_gen2_0_instruction_master_agent,altera_merlin_master_agent
unsaved.mm_interconnect_0.USERHW_NIOS_0_avalon_slave_0_agent,altera_merlin_slave_agent
unsaved.mm_interconnect_0.RAM_s1_agent,altera_merlin_slave_agent
unsaved.mm_interconnect_0.ROM_s1_agent,altera_merlin_slave_agent
unsaved.mm_interconnect_0.nios2_gen2_0_debug_mem_slave_agent,altera_merlin_slave_agent
unsaved.mm_interconnect_0.USERHW_NIOS_0_avalon_slave_0_agent_rsp_fifo,altera_avalon_sc_fifo
unsaved.mm_interconnect_0.RAM_s1_agent_rsp_fifo,altera_avalon_sc_fifo
unsaved.mm_interconnect_0.ROM_s1_agent_rsp_fifo,altera_avalon_sc_fifo
unsaved.mm_interconnect_0.nios2_gen2_0_debug_mem_slave_agent_rsp_fifo,altera_avalon_sc_fifo
unsaved.mm_interconnect_0.router,unsaved_mm_interconnect_0_router
unsaved.mm_interconnect_0.router_001,unsaved_mm_interconnect_0_router_001
unsaved.mm_interconnect_0.router_002,unsaved_mm_interconnect_0_router_002
unsaved.mm_interconnect_0.router_003,unsaved_mm_interconnect_0_router_003
unsaved.mm_interconnect_0.router_004,unsaved_mm_interconnect_0_router_003
unsaved.mm_interconnect_0.router_005,unsaved_mm_interconnect_0_router_005
unsaved.mm_interconnect_0.nios2_gen2_0_data_master_limiter,altera_merlin_traffic_limiter
unsaved.mm_interconnect_0.nios2_gen2_0_instruction_master_limiter,altera_merlin_traffic_limiter
unsaved.mm_interconnect_0.cmd_demux,unsaved_mm_interconnect_0_cmd_demux
unsaved.mm_interconnect_0.cmd_demux_001,unsaved_mm_interconnect_0_cmd_demux_001
unsaved.mm_interconnect_0.cmd_mux,unsaved_mm_interconnect_0_cmd_mux
unsaved.mm_interconnect_0.cmd_mux_001,unsaved_mm_interconnect_0_cmd_mux_001
unsaved.mm_interconnect_0.cmd_mux_002,unsaved_mm_interconnect_0_cmd_mux_001
unsaved.mm_interconnect_0.cmd_mux_003,unsaved_mm_interconnect_0_cmd_mux_001
unsaved.mm_interconnect_0.rsp_demux,unsaved_mm_interconnect_0_rsp_demux
unsaved.mm_interconnect_0.rsp_demux_001,unsaved_mm_interconnect_0_rsp_demux_001
unsaved.mm_interconnect_0.rsp_demux_002,unsaved_mm_interconnect_0_rsp_demux_001
unsaved.mm_interconnect_0.rsp_demux_003,unsaved_mm_interconnect_0_rsp_demux_001
unsaved.mm_interconnect_0.rsp_mux,unsaved_mm_interconnect_0_rsp_mux
unsaved.mm_interconnect_0.rsp_mux_001,unsaved_mm_interconnect_0_rsp_mux_001
unsaved.mm_interconnect_0.avalon_st_adapter,unsaved_mm_interconnect_0_avalon_st_adapter
unsaved.mm_interconnect_0.avalon_st_adapter.error_adapter_0,unsaved_mm_interconnect_0_avalon_st_adapter_error_adapter_0
unsaved.mm_interconnect_0.avalon_st_adapter_001,unsaved_mm_interconnect_0_avalon_st_adapter
unsaved.mm_interconnect_0.avalon_st_adapter_001.error_adapter_0,unsaved_mm_interconnect_0_avalon_st_adapter_error_adapter_0
unsaved.mm_interconnect_0.avalon_st_adapter_002,unsaved_mm_interconnect_0_avalon_st_adapter
unsaved.mm_interconnect_0.avalon_st_adapter_002.error_adapter_0,unsaved_mm_interconnect_0_avalon_st_adapter_error_adapter_0
unsaved.mm_interconnect_0.avalon_st_adapter_003,unsaved_mm_interconnect_0_avalon_st_adapter
unsaved.mm_interconnect_0.avalon_st_adapter_003.error_adapter_0,unsaved_mm_interconnect_0_avalon_st_adapter_error_adapter_0
unsaved.irq_mapper,unsaved_irq_mapper
unsaved.rst_controller,altera_reset_controller
unsaved.rst_controller_001,altera_reset_controller
unsaved.rst_controller,altera_reset_controller
unsaved.rst_controller_001,altera_reset_controller
